Workbook

Sheet ON
C1: DENOTO KOLL.ŞTİ.AİT SATIŞ PERSONELİ HARCAMA DÖKÜMANIDIR
A2: ÖNEMLİ NOT:BU BELGENİN SATICI İLE ŞİRKET-ŞİRKET İLE SATIŞ PERSONELİ ARASINDAKİ ANLAŞMAZLIKLARDA DELİL OLARAK KULLANILACAĞINI PEŞİN OLARAK KABUL EDERİM.
B3: DENİZLİ ÇIKIŞ KM. | C3: ÇIKIŞ YAKIT TUTARI | D3: SEY.ALINAN YAKIT | E3: DENİZLİ GİRİŞ KM. | F3: TOPLAM KM | G3: TOPL.YAKIT TUTARI | H3: ONAY
A5: TARİH | C5: =B5+1 -> 1 | D5: =C5+1 -> 2 | E5: =D5+1 -> 3 | F5: =E5+1 -> 4 | G5: =F5+1 -> 5 | H5: TOPLAM
A6: YEMEK BEDELİ | H6: =SUM(B6:G6) -> 0
A7: TUTAR OTEL İSMİ / FATURA NO | H7: =SUM(B7:G7) -> 0
A9: TUTAR AL.FİRMA / FATURA NO
A11: TUTAR FİRMA / AÇIKLAMA
A13: AKŞAM OTELE GİRİŞ KM.
A14: TOPLAM | B14: =B6+B7+B9+B11 -> 0
A15: TARİH | C15: SATIŞ PERSONELİ | F15: PLAKA
A16: TAHSİLAT DÖKÜMÜ | C16: PİRİMDEN DÜŞÜLECEK TAHSİLAT | D16: NAKİT TAHSİLAT TOPLAMI | E16: =B17 -> 0
A17: NAKİT TAHSİLAT TOPLAMI | B17: =ARKA!G35 -> 0 | D17: MASRAF TOPLAMI | E17: =H14 -> 0
A18: SENET TAHSİLAT TOPLAMI | B18: =ARKA!H35 -> 0 | D18: ALDIĞI HAFTALIK
A19: ÇEK TAHSİLAT TOPLAMI | B19: =ARKA!J35 -> 0 | D19: ALDIĞI PRİM | E19: =B27 -> 0
A20: MAİLORDER | B20: =ARKA!M35 -> 0 | D20: FAZLADAN ALDIĞI
A21: MAİLORDER | B21: =ARKA!N35 -> 0 | D21: ALDIĞI AGİ
A22: KREDİ KARTI / YKB TAHS.TOP. | B22: =ARKA!Q35 -> 0 | D22: KALAN NAKİT | E22: =E16-E17-E18-E19-E20-E21 -> 0
A23: KREDİ KARTI / TEB TAHS.TOP. | B23: =ARKA!R35 -> 0 | D23: İMZASI
A24: HAVALE TAHSİLAT TOPLAMI | B24: =ARKA!O35 -> 0
A25: GENEL TOPLAM | B25: =SUM(B17:B24) -> 0 | C25: EVRAK / NAKİT / TESLİM EDEN / TESLİM ALAN MİKTAR VE TUTARLARI
A26: PRİM HAKEDİŞ MATRAHI | B26: =B25-SUM(C17:C24) -> 0 | C26: NAKİT TESLİM ALINAN | D26: =E22 -> 0 | G26: TESLİM EDEN / MUHASEBE ONAY | H26: TESLİM ALAN OLCAY CANDOĞAN ONAY
A27: %1 ALDIĞI PRİM TUTARI | B27: =B26/1.2*1% -> 0 | C27: ÇEK / TESLİM ALINAN | D27: =COUNTA(ARKA!J5:J34) -> 0 | E27: TUTAR | F27: =ARKA!J35 -> 0
A28: ALDIĞI AVANS TUTARI | C28: SENET / TESLİM ALINAN | D28: =COUNTA(ARKA!I5:I34) -> 0 | E28: TUTAR | F28: =ARKA!H35 -> 0
A29: TESLİM EDEN / ADI SOYADI / İMZA | D29: İMZASI

Sheet ARKA
E1: TAHSİLAT DÖKÜMÜDÜR
A2: SATIŞ PERSONELİ'NİN ADI / SOYADI :
A3: SIRA NO | B3: TAHSİLAT MAKBUZ NO | C3: MİKRO KAY.NO: | E3: ÜNVANI | F3: TARİH | G3: NAKİT | H3: SENET | J3: ÇEK | M3: MAİLORDER / KREDİ KARTI | O3: HAVALE | Q3: POS | R3: POS
C4: SR. | D4: NO | G4: TUTARI | H4: VADE TARİHİ | I4: TUTARI | J4: BANKA ADI | K4: VADE | L4: TUTARI | M4: FİRMA | N4: TUTAR | O4: BANKA | P4: TUTARI | Q4: YKB | R4: TEB
A5: 1
A6: 2
A7: 3
A8: 4
A9: 5
A10: 6
A11: 7
A12: 8
A13: 9
A14: 10
A15: 11
A16: 12
... A34: 30
A35: GENEL TOPLAM | G35: =SUM(G5:G34) -> 0 | H35: =SUM(I5:I34) -> 0 | J35: =SUM(L5:L34) -> 0 | M35: =SUM(M5:M34) -> 0 | O35: =SUM(P5:P34) -> 0
