Workbook

Sheet Sayfa1
A1: Cari Kodu | B1: Müsteri Adı
A2: 120-07-01-002 | B2: A.D. OTOMOTİV - AHMET DAĞLI . | C2: =IF(ISNUMBER(SEARCH([1]Veri_Girişi!$E$6,#REF!)),MAKS(#REF!)+1,"")
A3: 120-32-01-011 | B3: AYAR OTO - HÜSEYİN AYDEMİR . | C3: =IF(ISNUMBER(SEARCH([1]Veri_Girişi!$E$6,A1)),MAKS(#REF!)+1,"")
A4: 120-03-01-013 | B4: BAYAR OTOMOTİV VE DOĞRAMA SAN.TİC.VE LTD ŞTİ. . | C4: =IF(ISNUMBER(SEARCH([1]Veri_Girişi!$E$6,A2)),MAKS($B$1:B1)+1,"")
A5: 01 42 020 | B5: BERBEROGLU OTO AKSESUAR VE YED.PARÇA | C5: =IF(ISNUMBER(SEARCH([1]Veri_Girişi!$E$6,A3)),MAKS($B$1:B2)+1,"")
A6: 01 32 076 | B6: BOZKURT OTO YASİN BOZKURT . | C6: =IF(ISNUMBER(SEARCH([1]Veri_Girişi!$E$6,A4)),MAKS($B$1:B3)+1,"")
A7: 01 03 042 | B7: DEMIRPENÇE TIC._ A. DEMIRPENÇE | C7: =IF(ISNUMBER(SEARCH([1]Veri_Girişi!$E$6,A5)),MAKS($B$1:B4)+1,"")
A8: 01 03 042 | B8: DEMİRPENÇE TİC._ A. DEMİRPENÇE | C8: =IF(ISNUMBER(SEARCH([1]Veri_Girişi!$E$6,A6)),MAKS($B$1:B5)+1,"")
A9: 01 03 055 | B9: DENİZ OTOMOTİV SERKAN KARADENİZ | C9: =IF(ISNUMBER(SEARCH([1]Veri_Girişi!$E$6,A7)),MAKS($B$1:B6)+1,"")
A10: 120-32-01-010 | B10: ELİT MOBİLYA - GÜRAL PALA . | C10: =IF(ISNUMBER(SEARCH([1]Veri_Girişi!$E$6,A8)),MAKS($B$1:B7)+1,"")
A11: 01 32 010 | B11: GÖKER OTOMOTIV TEKS.INS.TÜKETIM MAD.SAN.TIC.LTD.ST | C11: =IF(ISNUMBER(SEARCH([1]Veri_Girişi!$E$6,A9)),MAKS($B$1:B8)+1,"")
A12: 120-32-02-001 | B12: GÖRGÜLÜ MAKİNA / OSMAN GÖRGÜLÜ | C12: =IF(ISNUMBER(SEARCH([1]Veri_Girişi!$E$6,A10)),MAKS($B$1:B9)+1,"")
A13: 01 15 001 | B13: ILGIN OTO - HAMDI ILGIN | C13: =IF(ISNUMBER(SEARCH([1]Veri_Girişi!$E$6,A11)),MAKS($B$1:B10)+1,"")
A14: 01 32 035 | B14: OTO ONBIRLI-ALI RIZA KARAKOYUN | C14: =IF(ISNUMBER(SEARCH([1]Veri_Girişi!$E$6,A12)),MAKS($B$1:B11)+1,"")
A15: 01 03 009 | B15: OTO TEKNIK - SELIM SIMSEK | C15: =IF(ISNUMBER(SEARCH([1]Veri_Girişi!$E$6,A13)),MAKS($B$1:B12)+1,"")
... A215: 01 07 426 | B215: ZAMAN OTO-MUAMMER BÜRGE | C215: =IF(ISNUMBER(SEARCH([1]Veri_Girişi!$E$6,A213)),MAKS($B$1:B212)+1,"")

Sheet Sayfa2

Sheet Sayfa3
